group,template,theme,image
概念海报 · 主体与场景,地标巨字海报,AI 驱动的未来城市,
概念海报 · 主体与场景,极简大色块双场海报,企业 AI 落地指南,
概念海报 · 主体与场景,知识图鉴万物可转,AI 能做的 100 件事,
概念海报 · 主体与场景,年轮知识生命系统,企业知识库的生长,
概念海报 · 主体与场景,三角形跳出窗口,智能体破框而出,
概念海报 · 主体与场景,极简物象穿越几何窗,智能体穿越企业流程,
概念海报 · 主体与场景,撕开一道缝,AI 撕开效率的天花板,
概念海报 · 主体与场景,玻璃雾化局部透明窄窗,私有化部署,
概念海报 · 主体与场景,光的容器剪影光窗,数据之光,
概念海报 · 主体与场景,透明介质显影,数据价值显影,
概念海报 · 主体与场景,不规则背景色块菜单页,企业 AI 服务菜单,
概念海报 · 主体与场景,镜头三分构图摄影海报,部署在客户现场的 AI 服务器,
概念海报 · 主体与场景,高密度手绘线描,被 AI 理顺的业务流程,
概念海报 · 主体与场景,艺术展览级创意,数据生命体,
氛围插画 · 治愈与东方,东方水墨动画,智能体觉醒,
氛围插画 · 治愈与东方,二十四节气景深,AI 落地的春天,
氛围插画 · 治愈与东方,东方节庆插画弧形动势,AI 重塑传统行业,
氛围插画 · 治愈与东方,会流动会发光会呼吸,让 AI 在你的企业里生长,
氛围插画 · 治愈与东方,清新治愈弥散剪影,AI 让工作更轻,
氛围插画 · 治愈与东方,旅行记忆窗口,一家企业的 AI 落地之旅,
氛围插画 · 治愈与东方,早安晚安水彩问候,你的 AI 员工 7×24 从不打烊,
氛围插画 · 治愈与东方,童话版画,AI 与人类协作的寓言,
氛围插画 · 治愈与东方,水彩环形放射,智能绽放,
氛围插画 · 治愈与东方,祝笺仪式感插画,智能纪元,
复古印刷 · 丝网与拼贴,丝网印刷气候海报,数据洪流,
复古印刷 · 丝网与拼贴,像素故障信息海报,没有 AI 的企业正在掉队,
复古印刷 · 丝网与拼贴,复古印刷钝化,老字号的 AI 转型,
复古印刷 · 丝网与拼贴,杂志拼贴像素刺绣,群体智能,
复古印刷 · 丝网与拼贴,电影感像素残影手写线,记忆即知识库,
复古印刷 · 丝网与拼贴,复古弥散渐变海报,智能涌现,
复古印刷 · 丝网与拼贴,高明度信息拼贴,AI 系统上线,
复古印刷 · 丝网与拼贴,日本极简潮玩海报,AI 机器人潮玩,
商业大字 · 传播与发布,压顶大字商业海报,给每个企业配一个 AI 员工,
商业大字 · 传播与发布,纸面颗粒巨字PPT,降本增效,
商业大字 · 传播与发布,线条字体狂躁,效率革命,
商业大字 · 传播与发布,饮品商业剪贴产品,AI 效率特饮,
商业大字 · 传播与发布,黑夜大字报心理洞察,你不是缺人，是缺一个 AI 员工,
3D材质 · 立体与空间,温润材质显影报告封面,2026 企业 AI 落地白皮书,
3D材质 · 立体与空间,纪念碑谷空间字版,落地,
3D材质 · 立体与空间,流体玻璃拟态海报,企业 AI 平台,
3D材质 · 立体与空间,等距3D微缩世界,AI 自动化工作流,
3D材质 · 立体与空间,新中式描金海报,东方智造 · AI 落地,
字体海报 · 把字做成视觉,黑白极简概念海报,AI 落地,
字体海报 · 把字做成视觉,字词概念海报系统,智,
字体海报 · 把字做成视觉,汉字意象化设计,能,
字体海报 · 把字做成视觉,字骨游线字体设计,效,
字体海报 · 把字做成视觉,实验中文字体秩序切割,算力,
字体海报 · 把字做成视觉,曲线字标双色轨道,增长,
字体海报 · 把字做成视觉,词语视觉隐喻海报,人机协同,
字体海报 · 把字做成视觉,字体变实体大字报,拥抱 AI,
字体海报 · 把字做成视觉,夏日手写字体,AI 让企业轻装上阵,
字体海报 · 把字做成视觉,立体挤出3D大字,智能,
字体海报 · 把字做成视觉,铬质Y2K金属字,未来,
字体海报 · 把字做成视觉,狂草书法墨字,破局,
人物 · 同一张脸，60 种视觉语言,诗性编辑视觉,智能体,
人物 · 同一张脸，60 种视觉语言,动漫真人化巨物透视,驾驭巨型 AI 系统,
人物 · 同一张脸，60 种视觉语言,深色幽影矩形窗越界,首席 AI 官,
人物 · 同一张脸，60 种视觉语言,电影悬疑凝视视窗,无声的数字员工,
人物 · 同一张脸，60 种视觉语言,杂志感面部三角人像,AI 解决方案架构师,
人物 · 同一张脸，60 种视觉语言,信息文化活动斜切几何,Astralune AI 落地发布会,
人物 · 同一张脸，60 种视觉语言,X字母负形人像,提示词工程师,
人物 · 同一张脸，60 种视觉语言,清透刊物半透明色块,AI 产品经理,
人物 · 同一张脸，60 种视觉语言,可爱人像图文,你的 AI 数字员工,
人物 · 同一张脸，60 种视觉语言,人像写真夏日空气,AI 训练师,
人物 · 同一张脸，60 种视觉语言,民国名媛淡彩仕女,AI 数字人主播,
人物 · 同一张脸，60 种视觉语言,双重曝光数据人像,数字孪生,
生活写实 · 像真照片的一帧,柔光CCD夜色街拍,夜色都市街拍,
角色海报 · 刊封编辑体,编辑衬线角色海报,数字员工 ASTRA,
角色海报 · 刊封编辑体,编辑衬线角色海报,暗夜刺客 阿卡丽,编辑衬线角色海报_akali.png
信息图 · 科普图解,长文转图30秒看懂,企业为什么要专属的 AI 员工？,
信息图 · 科普图解,手写学习笔记,机器学习入门,
信息图 · 科研学术,科研信息图,大语言模型工作原理,
信息图 · 科研学术,科研论文插图,Transformer 注意力机制,
信息图 · 科研学术,科研杂志封面图,神经网络,
信息图 · 专业报告,个性化发型推荐报告,AI 个人形象设计报告,
信息图 · 专业报告,玄学批注分析报告,面相·综合分析报告,
信息图 · 专业报告,专业空间轴测图,Astralune AI 数据中心,
文生图 · 轻量直出,竖版像素暗场,AI 推理服务器,
文生图 · 轻量直出,纸本线描手稿,AI 数据中心,
文生图 · 轻量直出,极简黑色手绘线描,和 AI 协作,
文生图 · 轻量直出,笨拙手绘,我和我的 AI 小助手,
生活写实 · 像真照片的一帧,香港夜景全身旅拍,香港维港夜景旅拍,
氛围插画 · 治愈与东方,柔焦烟灰绿插画,雾中少女,
概念海报 · 主体与场景,街头编辑拼贴海报,PERCEIVE,
概念海报 · 主体与场景,毛绒汽水罐产品,毛绒汽水罐,
3D材质 · 立体与空间,黏土定格微缩世界,AI 数字员工的一天,
3D材质 · 立体与空间,液态铬流体雕塑,AI 内核,
3D材质 · 立体与空间,折纸纸艺立体场景,AI 落地蓝图,
3D材质 · 立体与空间,旅行票券立体场景,纽约 All Access,
生活写实 · 像真照片的一帧,韩系豪车人像,韩系豪车写真,
生活写实 · 像真照片的一帧,韩系街拍墨镜自拍,韩系街拍自拍,
生活写实 · 像真照片的一帧,韩系暗调情绪写真,暗调情绪写真,
概念海报 · 主体与场景,极简未来主义科幻,AI 哨兵,
概念海报 · 主体与场景,奢侈时尚字体海报,ASTRALUNE,
人物 · 同一张脸，60 种视觉语言,单色肖像彩色眼镜,单色 × 琥珀镜,
人物 · 同一张脸，60 种视觉语言,未来感时尚拼贴,未来街拍拼贴,
生活写实 · 像真照片的一帧,idol九宫格写真,idol 九宫格写真,
氛围插画 · 治愈与东方,剪影双重曝光叙事海报,山海旅人,
人物 · 同一张脸，60 种视觉语言,Y2K日系街头拼贴海报,東京 STREET CODE,
生活写实 · 像真照片的一帧,暗调电影感人像,暗调电影人像,
生活写实 · 像真照片的一帧,旅行随手拍拼贴,旅行随手拍,
概念海报 · 主体与场景,超现实巨物尺度,AI 之上,
概念海报 · 主体与场景,构成主义几何宣言,智能革命,
商业大字 · 传播与发布,霓虹招牌大字,AI 不打烊,
商业大字 · 传播与发布,撞色几何标语,未来已来,
3D材质 · 立体与空间,水晶矿簇3D,数据结晶,
3D材质 · 立体与空间,针织毛线立体世界,温暖的 AI 员工,
3D材质 · 立体与空间,大理石数字雕塑,数字缪斯,
人物 · 同一张脸，60 种视觉语言,光影栅格切割人像,首席 AI 官,
字体海报 · 把字做成视觉,几何拆字刀功体,涌现
人物 · 同一张脸，60 种视觉语言,俯视街头反差海报,看清再快
概念海报 · 主体与场景,折面菱形开窗仰视,把决策交给 AI
复古印刷 · 丝网与拼贴,半调网点墨镜肖像,数据在眼里
人物 · 同一张脸，60 种视觉语言,高明度涂鸦人像,效率拉满
概念海报 · 主体与场景,鱼眼视窗冲击海报,AI 正在靠近
复古印刷 · 丝网与拼贴,高压杂志拼贴封面,智能上新
人物 · 同一张脸，60 种视觉语言,巨型数字凹槽纪念封面,AI 上线 1 周年
概念海报 · 主体与场景,缝隙窥视悬疑海报,藏不住的智能
概念海报 · 主体与场景,电影感叠影海报,看见看不见的
人物 · 同一张脸，60 种视觉语言,图文贴纸拼贴海报,来试一下 AI
商业大字 · 传播与发布,充气软体气球大字,AI 来了
人物 · 同一张脸，60 种视觉语言,街头纪实电影宣传画,AI 就在身边
产品展示 · 单品与质感,手作线描产品展示,AI 录音笔
人物 · 同一张脸，60 种视觉语言,庆祝仪式横写祝福海报,与 AI 同行一周年
人物 · 同一张脸，60 种视觉语言,清透庆祝光托图文,AI 正式上线
氛围插画 · 治愈与东方,清透古典书写节令,涌现
复古印刷 · 丝网与拼贴,半调网点图形留白,算力
字体海报 · 把字做成视觉,垂落细线字形装置,神经网络
概念海报 · 主体与场景,东方秩序线描剖构,AI 系统架构
人物 · 同一张脸，60 种视觉语言,清透舞台文字骨架,人机协作
氛围插画 · 治愈与东方,俯视生命轮回圆环,模型生命周期
字体海报 · 把字做成视觉,冷峻展览失焦巨形,模型
复古印刷 · 丝网与拼贴,单色旧版巨字叙事封面,智能觉醒
人物 · 同一张脸，60 种视觉语言,巨影压近百叶人像,首席 AI 官
字体海报 · 把字做成视觉,负形巨字穿插人像,智能涌现
氛围插画 · 治愈与东方,手写情绪词笑脸图文,和 AI 一起上班
商业大字 · 传播与发布,斜动势主体压巨字手写笔触,AI 上线一周年
信息图 · 科普图解,文物美学知识海报,马踏飞燕
人物 · 同一张脸，60 种视觉语言,竖排巨字切开人像,智能 · AI 架构师
概念海报 · 主体与场景,巨影记忆双层戏剧海报,看不见的员工
人物 · 同一张脸，60 种视觉语言,冷静纪念雾面双影,模型纪元
商业大字 · 传播与发布,顶部巨字商业发布海报,AI 一体机发布
概念海报 · 主体与场景,暗窗窥视手写电影海报,看见数据
商业大字 · 传播与发布,暗场巨字警示划痕海报,打开 AI 黑箱
字体海报 · 把字做成视觉,黑白首字母色雾编辑海报,A · 人工智能
概念海报 · 主体与场景,压缩黑体背身电影宣发,智能纪元
人物 · 同一张脸，60 种视觉语言,黑白人像信息拼贴专题,让 AI 在企业里长出来
商业大字 · 传播与发布,斜向信息带商业人像,AI 落地顾问
